{"pitch": [-4.21229799333492, 10.762542566008495, 203.26789990002172, 48.25582145936746], "energy": [-1.1144917011260986, 4.738519191741943, 52.45386843160893, 47.065284522166344]}