{"pitch": [-2.096390936331027, 8.976822643435922, 185.40717385647517, 58.06536366848903], "energy": [-1.418023943901062, 5.079954624176025, 53.51477640603844, 37.73898111900782]}