{"pitch": [-1.90775951833188, 10.289829815059834, 166.7533011735029, 55.897572459021866], "energy": [-1.3968366384506226, 9.03343391418457, 50.754706839780106, 36.00277025282732]}